replicate,internal,provenance_held_out,heldout_minus_internal
0,0.9911966549841428,0.8978093017435868,-0.09338735324055603
1,0.9970162302157415,0.9002032938246035,-0.09681293639113797
2,0.994782203587235,0.9008176847366309,-0.09396451885060408
3,0.9890485415364791,0.8962534474357667,-0.0927950941007124
4,0.9916239634813216,0.9039194899613223,-0.08770447351999933
5,0.9865777072163825,0.8994727537725365,-0.08710495344384594
6,0.991901413191829,0.9009505701846271,-0.09095084300720191
7,0.99199360004129,0.9055790332183253,-0.08641456682296467
8,0.9907144907144906,0.8996977778426093,-0.09101671287188129
9,0.9933760925470495,0.907435317181504,-0.08594077536554545
10,0.9944546360567976,0.8985454798650926,-0.09590915619170504
11,0.9940148879661841,0.901006858789815,-0.09300802917636908
12,0.9910217894377067,0.9015740494168534,-0.08944774002085332
13,0.992389990317262,0.898839479513816,-0.09355051080344601
14,0.9905896191251916,0.895251557961468,-0.09533806116372356
15,0.991333591740459,0.8992842032542985,-0.09204938848616051
16,0.993253644232106,0.8944114569257923,-0.09884218730631378
17,0.9908819303901755,0.9050759520928212,-0.08580597829735426
18,0.9909977362847209,0.9022038325878379,-0.088793903696883
19,0.9911004640419766,0.9037112683413752,-0.08738919570060144
20,0.9878704403448565,0.9001811346652442,-0.0876893056796123
21,0.994766897035335,0.9002588260155244,-0.09450807101981062
22,0.9918339076075996,0.8981998513768956,-0.09363405623070398
23,0.99252964237904,0.9001783168174837,-0.09235132556155623
24,0.9934949606295556,0.900770968475817,-0.09272399215373861
25,0.9908586178215165,0.9030212620630541,-0.08783735575846241
26,0.9924929085603394,0.8997935924451327,-0.09269931611520676
27,0.9917286613380408,0.8969734941988756,-0.09475516713916521
28,0.9931320752598096,0.9026490261929704,-0.09048304906683924
29,0.9875912267699172,0.9064344508798375,-0.08115677589007964
30,0.9942439686961384,0.896865438310241,-0.09737853038589739
31,0.9875379594146826,0.8998901801500959,-0.08764777926458667
32,0.9968780899373965,0.8996366137584673,-0.0972414761789292
33,0.9948529779283133,0.9009721616785376,-0.09388081624977573
34,0.9895915727014536,0.9011632445519874,-0.08842832814946622
35,0.9889331984893822,0.9000188186004321,-0.08891437988895012
36,0.9888423082208418,0.9015412174491634,-0.08730109077167847
37,0.9904501990404903,0.9016822118057689,-0.08876798723472135
38,0.9896151339534911,0.9025420468743318,-0.08707308707915928
39,0.9911263163092289,0.9006521466823841,-0.09047416962684474
40,0.9906335638490648,0.8960001506234029,-0.09463341322566188
41,0.990266973182142,0.8989855556582625,-0.09128141752387942
42,0.990126198141215,0.9000426755644623,-0.09008352257675278
43,0.9954832531115766,0.8988235391289437,-0.09665971398263284
44,0.9923438213924123,0.8978803500679566,-0.09446347132445565
45,0.9946356877571224,0.8990271240625196,-0.0956085636946028
46,0.9918532047953962,0.902116527950886,-0.08973667684451014
47,0.9901311251581016,0.9015548792917322,-0.08857624586636947
48,0.995517785427424,0.8996536677115508,-0.09586411771587322
49,0.9874268951361088,0.8977288393528079,-0.08969805578330092
50,0.9885231384662263,0.9026446231375479,-0.0858785153286784
51,0.9896433416709517,0.9031026579605895,-0.08654068371036217
52,0.9909720099802861,0.9049252993581316,-0.08604671062215452
53,0.9940411281336218,0.9016776247726886,-0.09236350336093313
54,0.9910223319492761,0.9030372633011553,-0.08798506864812083
55,0.9908819303901755,0.8969059154418154,-0.09397601494836005
56,0.9931525031502119,0.8991754748723729,-0.09397702827783894
57,0.9901112916583011,0.9035172573048427,-0.08659403435345847
58,0.9895168415180199,0.9010028770441542,-0.08851396447386572
59,0.9907567922273804,0.9020106588571465,-0.08874613337023396
60,0.9874546908065831,0.9021206713836549,-0.08533401942292818
61,0.9940033873878581,0.9002707869770236,-0.09373260041083453
62,0.9904877300319118,0.8991869398744171,-0.0913007901574947
63,0.9893630678122395,0.9027826271509282,-0.08658044066131132
64,0.9903971585598056,0.8979344234463165,-0.09246273511348913
65,0.993893561262257,0.898403037360748,-0.09549052390150903
66,0.9900962548090498,0.9010725651760328,-0.08902368963301699
67,0.9944980746853522,0.9022825360273705,-0.09221553865798171
68,0.9908682013967572,0.9011027705121141,-0.08976543088464317
69,0.9941046981334591,0.8984029493030151,-0.09570174883044402
70,0.9916489785384405,0.9027877512875673,-0.0888612272508732
71,0.9865308900464497,0.90155528250463,-0.08497560754181965
72,0.9892248507515288,0.8985855647358845,-0.0906392860156443
73,0.994782203587235,0.8996169967192954,-0.09516520686793961
74,0.9913866111418884,0.9022041086718637,-0.08918250247002468
75,0.9895915727014536,0.9015233178770412,-0.08806825482441238
76,0.9905328684172229,0.9028828867165659,-0.08764998170065696
77,0.9940148879661841,0.9014379190617715,-0.09257696890441258
78,0.9886801343026438,0.8998723959207166,-0.08880773838192724
79,0.9899797914503797,0.8998339941531532,-0.0901457972972265
80,0.9878333834789096,0.9001045833856599,-0.08772880009324968
81,0.9850535698149291,0.900631016001494,-0.08442255381343511
82,0.9925027929895901,0.904060023359389,-0.08844276963020115
83,0.990126198141215,0.8952853189631652,-0.09484087917804984
84,0.9910089730449011,0.8969445651268736,-0.0940644079180275
85,0.9877289224392886,0.8978522026467788,-0.08987671979250977
86,0.9927003643840742,0.8980014746169419,-0.09469888976713225
87,0.9909954932443688,0.9005786484568206,-0.09041684478754819
88,0.9890317092754902,0.8973251604113589,-0.09170654886413132
89,0.9894167682495478,0.899200082600191,-0.09021668564935681
90,0.9953927032393102,0.9002596145590599,-0.09513308868025028
91,0.9925405755393536,0.8999498120214741,-0.09259076351787954
92,0.986371559818906,0.902899096772903,-0.08347246304600298
93,0.9907078449628733,0.8998227547540262,-0.09088509020884716
94,0.9944980746853522,0.8994828154683443,-0.09501525921700793
95,0.9896045626324202,0.9028273985244918,-0.08677716410792846
96,0.9917617593399767,0.8997452249394128,-0.0920165344005639
97,0.994782203587235,0.8958837740859483,-0.09889842950128669
98,0.9939115709766432,0.9001546777286183,-0.09375689324802483
99,0.9887093407833881,0.9063216641626699,-0.08238767662071822
100,0.9933011116805166,0.9032523989363588,-0.09004871274415782
101,0.9911111252548226,0.8998940786080478,-0.09121704664677477
102,0.9923785855642674,0.898804088017957,-0.09357449754631042
103,0.9948782399314061,0.8977469758619598,-0.09713126406944628
104,0.9927528409805282,0.8989992077338579,-0.0937536332466703
105,0.9901409752412554,0.9025728247581557,-0.08756815048309974
106,0.9888883883183807,0.8989199165266418,-0.08996847179173884
107,0.9910223319492761,0.9001002173070619,-0.09092211464221422
108,0.9860552353564044,0.9010531403789063,-0.08500209497749811
109,0.9931423331477814,0.8983380851027839,-0.09480424804499754
110,0.9891888082546237,0.9019476215882202,-0.08724118666640357
111,0.9923670819227075,0.9023918581419159,-0.08997522378079159
112,0.994738969228047,0.9024457958498516,-0.09229317337819543
113,0.9894589505020207,0.9005058691868104,-0.08895308131521029
114,0.991890852350339,0.8994222527641572,-0.09246859958618181
115,0.9917617593399767,0.9005092247319498,-0.09125253460802685
116,0.9905105212312285,0.9045405784387978,-0.08596994279243075
117,0.9909977362847209,0.8999979112218917,-0.09099982506282922
118,0.991484845739874,0.8987073492299232,-0.09277749650995082
119,0.9939803232063918,0.8988217610816019,-0.0951585621247899
120,0.9946276252690867,0.9019548813657087,-0.09267274390337799
121,0.993251686234902,0.9004399594312377,-0.09281172680366434
122,0.992604819045356,0.9018784075540355,-0.09072641149132055
123,0.9931525031502119,0.898887223482976,-0.09426527966723586
124,0.993244897703855,0.9023594906019895,-0.09088540710186555
125,0.9896045626324202,0.8977801141868111,-0.09182444844560911
126,0.9888731707736963,0.9002015770103154,-0.08867159376338085
127,0.9857145633009704,0.9003837220993711,-0.08533084120159928
128,0.9922279667315911,0.8995948067732966,-0.09263315995829446
129,0.991764361923351,0.8992803879792902,-0.09248397394406083
130,0.9884327016801281,0.9039870321081311,-0.08444566957199695
131,0.9899867032341295,0.9023240620151572,-0.08766264121897227
132,0.9896846759540127,0.9010882824125915,-0.08859639354142113
133,0.9853529254199639,0.8987749219653529,-0.08657800345461097
134,0.9917396487473366,0.9019845096655161,-0.08975513908182042
135,0.9918814713698421,0.9016607719257136,-0.09022069944412847
136,0.9933107310367587,0.8995861048131651,-0.09372462622359357
137,0.9914977798407697,0.8965944560498155,-0.09490332379095423
138,0.9889910927933795,0.9013370567519416,-0.08765403604143784
139,0.9908586178215165,0.8981187956176148,-0.09273982220390176
140,0.9948905502812767,0.8994290733221751,-0.09546147695910157
141,0.991009817253805,0.9039846103744708,-0.08702520687933424
142,0.99252964237904,0.8993637988073458,-0.0931658435716941
143,0.9923541678307936,0.9052059522287906,-0.08714821560200292
144,0.9917765524840979,0.9041762893043689,-0.08760026317972902
145,0.9927685998350532,0.8983461980579142,-0.09442240177713901
146,0.9869156190573795,0.9046045244587407,-0.08231109459863872
147,0.994023713903232,0.9003180566535841,-0.09370565724964786
148,0.994032460431483,0.8961128152748947,-0.09791964515658824
149,0.9922398427163758,0.9033827608593655,-0.08885708185701024
150,0.994738969228047,0.8963023952499213,-0.09843657397812577
151,0.9938752407383594,0.9038310923118388,-0.09004414842652064
152,0.9947745849247521,0.8968192680387347,-0.09795531688601744
153,0.991009817253805,0.8993498617070226,-0.09165995554678241
154,0.9945939884834353,0.9010031194168514,-0.09359086906658387
155,0.989617431464289,0.9017577336278052,-0.08785969783648384
156,0.991750826179663,0.9001121460798999,-0.09163868009976317
157,0.9901701451628183,0.8986253017632279,-0.09154484339959046
158,0.9877115599513843,0.8976976411543199,-0.09001391879706433
159,0.9908819303901755,0.9010079507068817,-0.0898739796832938
160,0.9928455266169792,0.8987696317394495,-0.09407589487752976
161,0.9932717247597164,0.9019281687808802,-0.09134355597883614
162,0.9841351367807886,0.9007922227979138,-0.08334291398287474
163,0.9927448402426832,0.9042098652408402,-0.08853497500184293
164,0.9902813802084793,0.9002244186457565,-0.0900569615627228
165,0.9911111252548226,0.9033432313890316,-0.08776789386579098
166,0.9869507582304201,0.8996823607685588,-0.08726839746186132
167,0.9877974117172773,0.9021580024409374,-0.08563940927633995
168,0.9873750417504225,0.9015404483784635,-0.08583459337195898
169,0.993884440144417,0.9004944401092222,-0.09339000003519482
170,0.9872151747931147,0.8994298868132672,-0.08778528797984753
171,0.9925405755393536,0.9040317155090617,-0.0885088600302919
172,0.9917520609537691,0.9041080353242101,-0.08764402562955897
173,0.9895025640091024,0.9028522343040145,-0.0866503297050879
174,0.9889899454244054,0.8992193437323778,-0.08977060169202766
175,0.9923333857300363,0.8997595263971271,-0.09257385933290918
176,0.9918532047953962,0.902774448881979,-0.08907875591341718
177,0.9885554768002692,0.89935344724625,-0.08920202955401924
178,0.9883499658987699,0.9033491943677872,-0.08500077153098273
179,0.9917765524840979,0.8967206044718226,-0.09505594801227535
180,0.9876844319063928,0.8996727718756986,-0.08801166003069416
181,0.9865334979239142,0.9000347224633339,-0.08649877546058027
182,0.993884440144417,0.8950395597665732,-0.09884488037784378
183,0.9931217288214284,0.9024257956583762,-0.09069593316305213
184,0.9924929085603394,0.9036681061981967,-0.08882480236214274
185,0.9924834957348679,0.8990150319504387,-0.09346846378442919
186,0.9954941863629339,0.902709102249133,-0.09278508411380082
187,0.9869306723239308,0.8991082148044415,-0.08782245751948936
188,0.9908955404901069,0.9021022021550197,-0.08879333833508718
189,0.992237885571219,0.8990193419055306,-0.09321854366568838
190,0.9896045626324202,0.9032954327281804,-0.08630912990423989
191,0.9902524356726362,0.9004891749693064,-0.08976326070332985
192,0.9931320752598096,0.9003265682897865,-0.0928055069700231
193,0.9875260818329017,0.8982481750251815,-0.08927790680772019
194,0.9863138345988305,0.8966605417638518,-0.08965329283497869
195,0.993884440144417,0.8978562096259806,-0.09602823051843645
196,0.99252964237904,0.9039076364969266,-0.08862200588211333
197,0.9871287334067805,0.8979763233168273,-0.08915241008995323
198,0.994619494161535,0.901571523116297,-0.09304797104523799
199,0.9923670819227075,0.8979786870884957,-0.0943883948342118
200,0.9934810045089767,0.8994882532555017,-0.09399275125347495
201,0.994782203587235,0.9011103898094669,-0.09367181377776812
202,0.9871951779927496,0.8984856547280646,-0.08870952326468495
203,0.9907428098086254,0.8979549523986874,-0.092787857409938
204,0.989229452481895,0.8997842170346085,-0.08944523544728644
205,0.993765366743372,0.898094474396477,-0.09567089234689496
206,0.991890852350339,0.9010097799049142,-0.09088107244542487
207,0.9939803232063918,0.9037265548023284,-0.0902537684040634
208,0.9840116744990847,0.9017842324803519,-0.08222744201873278
209,0.9938752407383594,0.9002768686141221,-0.09359837212423727
210,0.9942439686961384,0.9011114079221897,-0.09313256077394871
211,0.9910223319492761,0.8985047289437199,-0.09251760300555623
212,0.9889910927933795,0.9025656876967628,-0.08642540509661667
213,0.9883656402019749,0.8992667007070011,-0.08909893949497383
214,0.9926214852377865,0.8982562946971382,-0.09436519054064829
215,0.9931320752598096,0.8997968324076174,-0.09333524285219219
216,0.987751444149668,0.8971141681810431,-0.09063727596862492
217,0.9869721295192919,0.8989685492734144,-0.08800358024587751
218,0.9942381568675788,0.8983612305707128,-0.09587692629686595
219,0.9922398427163758,0.9055399593006624,-0.08669988341571333
220,0.9932717247597164,0.8970978259543746,-0.09617389880534177
221,0.9910486906472245,0.8995953887961115,-0.091453301851113
222,0.9934949606295556,0.9027535402142517,-0.09074142041530386
223,0.9901040229611596,0.9024346269265573,-0.08766939603460233
224,0.994987180328719,0.9032016952075629,-0.09178548512115614
225,0.9900807103925007,0.9011082501935275,-0.0889724601989732
226,0.989348290712199,0.8999543642250195,-0.08939392648717948
227,0.9896151339534911,0.9006595556244293,-0.08895557832906176
228,0.9848115782082288,0.897052417224205,-0.08775916098402381
229,0.991764361923351,0.9034216471312216,-0.0883427147921294
230,0.9939026046796146,0.8989863201403602,-0.09491628453925438
231,0.991788633453182,0.9017913291979074,-0.08999730425527463
232,0.9911498465556569,0.9031229520240794,-0.08802689453157742
233,0.9878675178029624,0.8976771148650388,-0.09019040293792369
234,0.984693295533743,0.898082605358479,-0.08661069017526402
235,0.9852853156822962,0.8981423503689646,-0.08714296531333154
236,0.9905904953508892,0.9020888561135164,-0.08850163923737275
237,0.993884440144417,0.8978342844944854,-0.09605015564993158
238,0.9933011116805166,0.8958904719010365,-0.09741063977948006
239,0.9904761659289995,0.9004118456246303,-0.09006432030436917
240,0.9971231245534651,0.9015605175760134,-0.09556260697745167
241,0.9864543316611144,0.8995335617946245,-0.08692076986648989
242,0.9918627168929622,0.8979533312776876,-0.09390938561527462
243,0.9918339076075996,0.8994219997074738,-0.09241190790012577
244,0.9927607606563175,0.9016768170297541,-0.09108394362656336
245,0.9929937081530099,0.8944263865524932,-0.09856732160051673
246,0.9903584096854158,0.900413838486454,-0.08994457119896182
247,0.9896293036014537,0.90073547065642,-0.08889383294503372
248,0.9911381367809322,0.9012219602914757,-0.08991617648945649
249,0.992632931890913,0.898434155313494,-0.09419877657741893
250,0.9918124698317424,0.9001446317453174,-0.09166783808642498
251,0.9899867032341295,0.899230773854848,-0.09075592937928156
252,0.9844784908645932,0.9014856948434132,-0.08299279602117993
253,0.9862099862099862,0.9008930793147135,-0.08531690689527271
254,0.9931320752598096,0.9033649400286318,-0.08976713523117785
255,0.988718806088686,0.901386275367778,-0.08733253072090796
256,0.988762683131279,0.8972754007884776,-0.09148728234280146
257,0.9911381367809322,0.8992621690880576,-0.09187596769287465
258,0.9900902939677412,0.8961651708256455,-0.09392512314209567
259,0.9924012969246873,0.9000639134693982,-0.09233738345528908
260,0.9875969449809979,0.9014333980227098,-0.0861635469582881
261,0.9924660815044781,0.9012530192338012,-0.09121306227067694
262,0.9903971585598056,0.9030097144804344,-0.08738744407937116
263,0.9918006056370836,0.9005671972345874,-0.09123340840249616
264,0.991869428820244,0.9035932831477845,-0.08827614567245945
265,0.9882429570812765,0.9012159523170317,-0.08702700476424485
266,0.9883003899748006,0.9007429068472659,-0.08755748312753475
267,0.9903465892137122,0.8997257041980032,-0.09062088501570897
268,0.9923333857300363,0.8983846463868354,-0.09394873934320092
269,0.9908682013967572,0.901700430331028,-0.08916777106572926
270,0.9922398427163758,0.9021313241807953,-0.09010851853558044
271,0.991462841939375,0.9004402767035673,-0.09102256523580765
272,0.9840116744990847,0.8983923395587458,-0.08561933494033891
273,0.9931065327154013,0.9008930428155507,-0.09221348989985056
274,0.9968828017990058,0.8994298496296481,-0.09745295216935768
275,0.9962675606605372,0.8999144010345487,-0.09635315962598856
276,0.9903346572327871,0.9037219866108126,-0.08661267062197453
277,0.9903971585598056,0.8992386177587286,-0.09115854080107699
278,0.9889184011546822,0.9000153601916434,-0.0889030409630388
279,0.9900902939677412,0.9006962999032989,-0.08939399406444226
280,0.984915205058861,0.8997969893769288,-0.08511821568193223
281,0.9913470063775761,0.8952624556602112,-0.09608455071736488
282,0.9944896364652501,0.8965994663523865,-0.0978901701128636
283,0.9895104685523847,0.9018581565314019,-0.08765231202098278
284,0.9912718021537842,0.8917543107048886,-0.09951749144889555
285,0.9932271658305573,0.8979606359852369,-0.09526652984532036
286,0.9932617506645598,0.9066519354341281,-0.08660981523043165
287,0.9911498465556569,0.9010044735030845,-0.09014537305257231
288,0.9898484861381731,0.8977859778780598,-0.09206250826011331
289,0.9932617506645598,0.9022005543753425,-0.09106119628921727
290,0.9853080421182865,0.9004379897564085,-0.08487005236187795
291,0.9896902433679827,0.8954555082219352,-0.09423473514604752
292,0.9893777165000834,0.8969251183797412,-0.09245259812034223
293,0.9915106065757892,0.8988064681053461,-0.09270413847044301
294,0.9941422854941947,0.8962365979841754,-0.09790568751001927
295,0.9908460560523057,0.8953296417092375,-0.09551641434306823
296,0.9927448402426832,0.9024254975411599,-0.09031934270152331
297,0.9925514101670272,0.9055469504809777,-0.08700445968604953
298,0.991764361923351,0.900660375608735,-0.09110398631461603
299,0.9869344869344868,0.8978106034393405,-0.08912388349514633
300,0.9911498465556569,0.8978441096966888,-0.09330573685896804
301,0.9895260539408222,0.8970048517630556,-0.0925212021777666
302,0.9881485465609711,0.9001530000318634,-0.08799554652910768
303,0.993281609188967,0.9029886586016325,-0.09029295058733455
304,0.9948905502812767,0.8997652342427646,-0.09512531603851215
305,0.994738969228047,0.9012686336342174,-0.09347033559382967
306,0.9933760925470495,0.8988662770883086,-0.09450981545874093
307,0.9896293036014537,0.8985904301712498,-0.09103887343020389
308,0.993347999905377,0.9022887988147987,-0.0910592010905783
309,0.9927528409805282,0.9021752473797434,-0.09057759360078477
310,0.9879528361536307,0.9012155516970622,-0.08673728445656848
311,0.9895915727014536,0.9033670860095916,-0.086224486691862
312,0.9926518659645595,0.8989670986721215,-0.09368476729243791
313,0.9933929192104024,0.9046671168816869,-0.08872580232871552
314,0.992389990317262,0.8998504311045523,-0.09253955921270973
315,0.9903238279829685,0.8960909305338172,-0.09423289744915131
316,0.9918627168929622,0.9024049578743355,-0.08945775901862674
317,0.9878843618907425,0.8993392425871091,-0.0885451193036334
318,0.9925222954811396,0.9063390012953483,-0.08618329418579129
319,0.9939957687253752,0.9019447093075011,-0.09205105941787406
320,0.9919118743853295,0.8996992069961182,-0.0922126673892113
321,0.9878160909894321,0.900018668119281,-0.08779742287015113
322,0.9922273398535699,0.8984376228970401,-0.09378971695652982
323,0.9916489785384405,0.9024278245192142,-0.08922115401922626
324,0.9900018515285295,0.8970239526223903,-0.09297789890613917
325,0.9869507582304201,0.9003818112819184,-0.0865689469485017
326,0.9916489785384405,0.900522087602071,-0.0911268909363695
327,0.9884429999379787,0.8976209836002945,-0.09082201633768416
328,0.9917397937583532,0.9007111254391801,-0.09102866831917311
329,0.9908819303901755,0.9015559583762821,-0.08932597201389336
330,0.9962675606605372,0.8981182651296207,-0.09814929553091656
331,0.9862775686208778,0.9014195786504385,-0.08485798997043925
332,0.9946276252690867,0.9014354774281731,-0.09319214784091356
333,0.9916489785384405,0.900767693055163,-0.09088128548327745
334,0.9916940538361482,0.8988777004456051,-0.09281635339054306
335,0.9905904953508892,0.8992357554733538,-0.0913547398775354
336,0.9903842897279369,0.9006589406671769,-0.08972534906076002
337,0.9882938851487179,0.9007972531438209,-0.08749663200489699
338,0.994782203587235,0.8995957519689703,-0.09518645161826467
339,0.9863302075748441,0.8997501195286302,-0.08658008804621398
340,0.9879066408357965,0.9001183848918887,-0.08778825594390782
341,0.9908819303901755,0.9009582526985351,-0.08992367769164034
342,0.9900962548090498,0.9038467316814295,-0.08624952312762035
343,0.9938577803281065,0.9032282588473585,-0.09062952148074799
344,0.9864721435336143,0.9046056669881789,-0.08186647654543544
345,0.9876404243311697,0.8958493410477347,-0.091791083283435
346,0.9933625583986782,0.8996994055804443,-0.0936631528182339
347,0.989695525804097,0.8964270502582695,-0.09326847554582751
348,0.9924829344651829,0.8950490308669319,-0.09743390359825099
349,0.9840137671274128,0.8954693615765327,-0.08854440555088017
350,0.9918124698317424,0.898508628285783,-0.09330384154595939
351,0.9896293036014537,0.8948960937671767,-0.09473320983427702
352,0.9946356877571224,0.9028648843364694,-0.09177080342065302
353,0.9907078449628733,0.9007441314726238,-0.08996371349024956
354,0.991750826179663,0.8982622938508262,-0.0934885323288368
355,0.9880822562672434,0.894923904198783,-0.09315835206846046
356,0.9906193237503228,0.9021067354574569,-0.0885125882928659
357,0.9895260539408222,0.8987179156622099,-0.09080813827861223
358,0.9878675178029624,0.8993902353109141,-0.08847728249204834
359,0.9879159870745055,0.898391560259511,-0.0895244268149945
360,0.9912718021537842,0.8981241673624618,-0.09314763479132238
361,0.9868442167795205,0.9019238601488029,-0.08492035663071762
362,0.9913537251572729,0.896982641670253,-0.09437108348701995
363,0.990266973182142,0.8992244983342168,-0.09104247484792516
364,0.9887472377414452,0.8996737333025652,-0.08907350443888007
365,0.9918801911374932,0.8948081837784138,-0.09707200735907939
366,0.9907567922273804,0.9035180364844159,-0.08723875574296458
367,0.9931320752598096,0.8995224065908228,-0.09360966866898679
368,0.9902813802084793,0.8993533844300076,-0.09092799577847177
369,0.9880934436781798,0.8976495538110644,-0.09044388986711538
370,0.9871970393185029,0.9014068969220075,-0.0857901423964954
371,0.9899867032341295,0.9003477046142997,-0.08963899861982982
372,0.9920968798830386,0.9012126583994738,-0.09088422148356479
373,0.9861737574534195,0.9011337567818468,-0.08504000067157269
374,0.9896019013666072,0.9002189181851897,-0.08938298318141746
375,0.9919118743853295,0.8949113508338091,-0.09700052355152033
376,0.9950904722045469,0.900445745667858,-0.09464472653668898
377,0.9901112916583011,0.9017850323146241,-0.088326259343677
378,0.9933929192104024,0.9034729589867058,-0.08991996022369664
379,0.9864721435336143,0.9037364424066846,-0.08273570112692974
380,0.9885590838348915,0.9003172789962982,-0.08824180483859334
381,0.9908586178215165,0.8991989584040653,-0.09165965941745124
382,0.9940411281336218,0.9020417222686614,-0.09199940586496036
383,0.9925186099577301,0.8975300550620405,-0.09498855489568958
384,0.9897298811063262,0.9020381329301679,-0.08769174817615832
385,0.9879036810495544,0.8971241830260004,-0.090779498023554
386,0.9902301568455242,0.9053059259572617,-0.08492423088826251
387,0.987730195357047,0.8966215781617654,-0.09110861719528163
388,0.9864543316611144,0.9002242493322855,-0.0862300823288289
389,0.9887316523530076,0.9033174853407614,-0.08541416701224624
390,0.9864933795003473,0.8999972158422498,-0.08649616365809754
391,0.9889524449235366,0.9007263356689075,-0.08822610925462915
392,0.9904225364373559,0.8993629273599583,-0.09105960907739763
393,0.9870741931140344,0.8983272387823394,-0.088746954331695
394,0.9855140665918087,0.8956638842779228,-0.08985018231388597
395,0.9886789661691219,0.8994931784967554,-0.08918578767236651
396,0.9878704403448565,0.902120392821807,-0.08575004752304949
397,0.9927367578701075,0.8974364961887503,-0.09530026168135719
398,0.9889524449235366,0.902321087465638,-0.08663135745789863
399,0.991009817253805,0.8932545140790343,-0.09775530317477066
400,0.9911381367809322,0.8944080094011019,-0.09673012737983033
401,0.9918006056370836,0.8986692499049269,-0.0931313557321567
402,0.993281609188967,0.9010491416337026,-0.09223246755526437
403,0.9911498465556569,0.9005550348224448,-0.09059481173321204
404,0.9871611736899322,0.9017493991355628,-0.08541177455436932
405,0.993401212333303,0.8982149622470454,-0.09518625008625758
406,0.9947897535292908,0.9043599798302955,-0.0904297736989953
407,0.9942439686961384,0.8972976911064253,-0.09694627758971308
408,0.9888230851672303,0.9032836143475849,-0.08553947081964541
409,0.9886725244467703,0.9024785621452468,-0.08619396230152354
410,0.9941350414213007,0.9021256964865824,-0.09200934493471835
411,0.9937464496288025,0.9007771675825832,-0.09296928204621935
412,0.9944980746853522,0.9023995448452355,-0.09209852984011668
413,0.9835947987066801,0.8978291344449122,-0.0857656642617679
414,0.9931423331477814,0.8984995303853699,-0.09464280276241155
415,0.989617431464289,0.8969640905009345,-0.09265334096335454
416,0.9935018312437283,0.9029621774021376,-0.09053965384159068
417,0.9878160909894321,0.904211147584219,-0.08360494340521307
418,0.990728709606743,0.8999624736028773,-0.09076623600386569
419,0.9947455291242352,0.9027031558584272,-0.092042373265808
420,0.9926518659645595,0.8998177318134505,-0.09283413415110897
421,0.9886454252319784,0.8998641854023696,-0.08878123982960884
422,0.9938497178400706,0.8946636634800015,-0.09918605436006911
423,0.9911263163092289,0.9039834599192748,-0.08714285638995412
424,0.9931423331477814,0.9017188805909079,-0.09142345255687356
425,0.9903584096854158,0.9012179563357924,-0.0891404533496234
426,0.9925405755393536,0.8980938280756393,-0.09444674746371429
427,0.9922398427163758,0.8988588682965369,-0.09338097441983884
428,0.9918801911374932,0.9002889196242679,-0.09159127151322521
429,0.991764361923351,0.8966593139540754,-0.09510504796927566
430,0.9917286613380408,0.8987123375547846,-0.0930163237832562
431,0.9893693208708068,0.904625571679829,-0.08474374919097771
432,0.9918801911374932,0.9001395593108376,-0.0917406318266556
433,0.9938659624486578,0.9041839169088458,-0.08968204553981196
434,0.9889524449235366,0.8991604942542505,-0.08979195066928614
435,0.9930043406305707,0.8999916121986278,-0.09301272843194297
436,0.9932914046121594,0.902038905338964,-0.09125249927319534
437,0.9912412324939851,0.903394834968402,-0.0878463975255831
438,0.9943461810243824,0.9016849180178524,-0.09266126300652999
439,0.9916489785384405,0.9010037988492973,-0.09064517968914321
440,0.9920890842978699,0.9007096800563313,-0.09137940424153856
441,0.9903842897279369,0.9013618404475482,-0.08902244928038872
442,0.991890852350339,0.9010083399773952,-0.09088251237294387
443,0.989617431464289,0.8999040024343957,-0.08971342902989332
444,0.9855554752995181,0.9017960094875871,-0.08375946581193106
445,0.9897185414053048,0.9017326555543487,-0.08798588585095612
446,0.9923785855642674,0.9020721362215243,-0.09030644934274312
447,0.9854125250077641,0.9032526149294888,-0.08215991007827528
448,0.9921122216819324,0.8997325165762161,-0.09237970510571625
449,0.991764361923351,0.8986797679978299,-0.09308459392552115
450,0.9940033873878581,0.9048695460674301,-0.08913384132042801
451,0.9918006056370836,0.899406365044403,-0.09239424059268064
452,0.9903584096854158,0.8973168634406653,-0.09304154624475047
453,0.9912718021537842,0.8969493961949301,-0.0943224059588541
454,0.988108661222864,0.9000422156355169,-0.08806644558734711
455,0.9938752407383594,0.8953295545431897,-0.09854568619516968
456,0.9923785855642674,0.904356501076216,-0.08802208448805138
457,0.9893852752160837,0.8996262488340379,-0.0897590263820458
458,0.9881806073756539,0.90041378496911,-0.08776682240654399
459,0.9899658090316246,0.9000777581652293,-0.08988805086639529
460,0.9895414993306559,0.896389345551421,-0.09315215377923491
461,0.9941046981334591,0.8997220332360003,-0.09438266489745883
462,0.9887093407833881,0.9061295265564056,-0.08257981422698257
463,0.9867546563656179,0.9017073804626378,-0.08504727590298011
464,0.9922516209280916,0.9017296868667682,-0.09052193406132336
465,0.9916365252505326,0.9033967033386593,-0.0882398219118733
466,0.9933406146292622,0.8996505193350611,-0.09369009529420103
467,0.989758206992892,0.9013106196116247,-0.08844758738126723
468,0.9869901340489576,0.8948699833358016,-0.09212015071315605
469,0.9893777165000834,0.8992834690309669,-0.09009424746911654
470,0.991102340015041,0.8995108713067291,-0.09159146870831192
471,0.9902813802084793,0.8950395469595464,-0.09524183324893298
472,0.994023713903232,0.8982859896589114,-0.09573772424432059
473,0.9901409752412554,0.8984205022253958,-0.09172047301585962
474,0.9918006056370836,0.897189458883252,-0.09461114675383164
475,0.9929598748471253,0.9010101608084042,-0.0919497140387211
476,0.9942439686961384,0.896546355662772,-0.09769761303336644
477,0.9926136347031163,0.9010812125995667,-0.0915324221035495
478,0.9884533895273422,0.901620670488351,-0.08683271903899115
479,0.9884533895273422,0.8954092510210275,-0.09304413850631466
480,0.9917833307815241,0.9025596864476154,-0.08922364433390872
481,0.9924728700355251,0.9013062927515681,-0.09116657728395694
482,0.9962730025623108,0.9014931990487365,-0.09477980351357429
483,0.9932360717668072,0.9009007897750999,-0.09233528199170726
484,0.9871287334067805,0.9048923704944265,-0.08223636291235403
485,0.9946356877571224,0.8954673450435283,-0.0991683427135941
486,0.994023713903232,0.9018622679823984,-0.09216144592083353
487,0.9903971585598056,0.9013951070444435,-0.08900205151536211
488,0.9910734776998797,0.9008804110600668,-0.09019306663981297
489,0.991750826179663,0.8982164232444122,-0.09353440293525084
490,0.9904225364373559,0.9000080992626652,-0.09041443717469066
491,0.9962675606605372,0.8974387762825976,-0.09882878437793963
492,0.9932914046121594,0.9005152476649784,-0.092776156947181
493,0.991901413191829,0.9023006346258583,-0.0896007785659707
494,0.9947745849247521,0.9011496001516397,-0.09362498477311243
495,0.9871787402081814,0.8990281208316159,-0.08815061937656554
496,0.9932914046121594,0.901352549997997,-0.0919388546141624
497,0.9925963654515328,0.901184088761683,-0.09141227668984986
498,0.983333381227783,0.8993634584488347,-0.08396992277894832
499,0.9905217499315695,0.8985375902708858,-0.09198415966068374
500,0.9908955404901069,0.8992978111896521,-0.09159772930045473
501,0.9849957238835181,0.9015776045557633,-0.08341811932775478
502,0.9924748280327291,0.899164851150347,-0.09330997688238207
503,0.9924829344651829,0.9020665167373417,-0.09041641772784115
504,0.9903482169742333,0.9033146889912209,-0.08703352798301234
505,0.9909855457239741,0.9018052248350162,-0.08918032088895789
506,0.992604819045356,0.9033208449341505,-0.08928397411120548
507,0.993281609188967,0.9009437000007834,-0.09233790918818363
508,0.9909090325871176,0.903622046673843,-0.08728698591327455
509,0.9894646995505223,0.8991032970558083,-0.09036140249471403
510,0.9843371313082349,0.901680894596685,-0.08265623671154987
511,0.9956225221108741,0.90194435014516,-0.09367817196571415
512,0.9917617593399767,0.8989707252836056,-0.09279103405637112
513,0.9934094260795971,0.9051639832809067,-0.0882454427986904
514,0.9956377209767048,0.899131152537424,-0.09650656843928074
515,0.9896293036014537,0.9015978406736265,-0.08803146292782726
516,0.9903099746292107,0.9017396338827138,-0.08857034074649683
517,0.9927448402426832,0.9013531284338668,-0.09139171180881633
518,0.9910336536323655,0.9034988700040287,-0.08753478362833678
519,0.9910223319492761,0.896603046524639,-0.09441928542463718
520,0.9902813802084793,0.9040102354238085,-0.0862711447846708
521,0.9890183015320652,0.8958529818249147,-0.09316531970715047
522,0.9903842897279369,0.90017423549962,-0.09021005422831696
523,0.9923785855642674,0.9014007057609277,-0.09097787980333971
524,0.9862962856850185,0.9018361863390852,-0.08446009934593324
525,0.9919118743853295,0.9030584397131104,-0.08885343467221907
526,0.9908819303901755,0.9009654958130916,-0.08991643457708387
527,0.9893333842292852,0.9004162118082725,-0.08891717242101271
528,0.9947745849247521,0.9016670063231847,-0.09310757860156738
529,0.9916365252505326,0.9022791158272616,-0.08935740942327097
530,0.9927528409805282,0.9020213998769512,-0.090731441103577
531,0.9918721388690429,0.9017679835601794,-0.09010415530886351
532,0.9940582293523471,0.8992074942795466,-0.09485073507280051
533,0.9903971585598056,0.9011267505398731,-0.08927040801993247
534,0.988903464769272,0.9028923063483786,-0.08601115842089346
535,0.991009817253805,0.9020343111181667,-0.08897550613563832
536,0.991890852350339,0.9024287774509938,-0.08946207489934521
537,0.994950833367572,0.8989901383649196,-0.09596069500265236
538,0.9911111252548226,0.8984931804302817,-0.09261794482454089
539,0.9899560208242643,0.9014111258446077,-0.08854489497965656
540,0.9962730025623108,0.9024126495850111,-0.09386035297729967
541,0.9910616922004326,0.898514996260806,-0.09254669593962661
542,0.9873574343118992,0.8997477069548423,-0.08760972735705685
543,0.9889363397319334,0.8984538210931795,-0.0904825186387539
544,0.9893532265753092,0.9026963498732433,-0.0866568767020659
545,0.9918801911374932,0.9049278060666524,-0.0869523850708408
546,0.9927367578701075,0.9015543457205503,-0.09118241214955725
547,0.9912412324939851,0.8982428251625221,-0.09299840733146303
548,0.9909855457239741,0.8971275344711137,-0.09385801125286042
549,0.9909720099802861,0.9003279968770848,-0.09064401310320136
550,0.9897298811063262,0.8981815440308084,-0.0915483370755178
551,0.9925405755393536,0.905572241756733,-0.08696833378262059
552,0.9912718021537842,0.8979544818662291,-0.09331732028755513
553,0.9922633021147549,0.898278761274666,-0.09398454084008889
554,0.9901556239290995,0.9044966053346113,-0.08565901859448821
555,0.9918801911374932,0.9040768106502709,-0.08780338048722225
556,0.9919750419591492,0.9015677772387325,-0.09040726472041671
557,0.987498817708795,0.8963749638319433,-0.09112385387685173
558,0.9923541678307936,0.9019206185209027,-0.09043354930989089
559,0.9828384053587241,0.8997867483546454,-0.08305165700407868
560,0.9895025640091024,0.9010749282609645,-0.08842763574813794
561,0.9909954932443688,0.9021227778842817,-0.088872715360087
562,0.9923644257187655,0.8995105232219308,-0.09285390249683467
563,0.9895568057550951,0.9001447189175371,-0.08941208683755797
564,0.9879570684560819,0.898867868831922,-0.08908919962415984
565,0.9919843672704441,0.8976128631296656,-0.09437150414077855
566,0.9927448402426832,0.9002647027212615,-0.0924801375214217
567,0.9887779895557182,0.9034453305804516,-0.08533265897526654
568,0.9894010906629517,0.9005569506753005,-0.08884413998765117
569,0.9916233894956713,0.8993694559502026,-0.09225393354546874
570,0.9931217288214284,0.9019650405999792,-0.09115668822144918
571,0.9892196361643323,0.9002504187900205,-0.08896921737431174
572,0.9906116521265534,0.9048405680107544,-0.08577108411579903
573,0.9880977949318018,0.8979330091694552,-0.09016478576234666
574,0.9909977362847209,0.8988488666468067,-0.09214886963791413
575,0.991035570854848,0.9002782693137902,-0.09075730154105777
576,0.9941350414213007,0.9016458004805292,-0.09248924094077149
577,0.9916239634813216,0.8985084566302305,-0.09311550685109116
578,0.9893630678122395,0.8968026192966391,-0.09256044851560041
579,0.9880993234916966,0.9025228722226449,-0.08557645126905167
580,0.9915106065757892,0.899836443014783,-0.0916741635610061
581,0.9924929085603394,0.900679726999297,-0.09181318156104246
582,0.997011856951616,0.9016309705229167,-0.09538088642869924
583,0.9914977798407697,0.8939969583768103,-0.09750082146395944
584,0.9918801911374932,0.9001772554880736,-0.09170293564941956
585,0.992632931890913,0.895509376826077,-0.09712355506483594
586,0.98611628025552,0.9023900842896831,-0.08372619596583686
587,0.9910638748259707,0.9008456852226203,-0.09021818960335037
588,0.9918801911374932,0.8958102457781468,-0.09606994535934632
589,0.9908819303901755,0.8979235832297379,-0.0929583471604376
590,0.9937368756241262,0.9039724419805194,-0.08976443364360676
591,0.9876763887503414,0.8962802494631377,-0.09139613928720369
592,0.9911004640419766,0.8999070195799769,-0.09119344446199973
593,0.9962374140163646,0.8997143903877179,-0.09652302362864662
594,0.993369732625515,0.9015513062593398,-0.09181842636617521
595,0.9924125061199188,0.9004904512159482,-0.09192205490397065
596,0.9895025640091024,0.9011239418627689,-0.08837862214633352
597,0.9948844252289758,0.9014369590810145,-0.09344746614796129
598,0.9905217499315695,0.9005495836083354,-0.08997216632323413
599,0.9925027929895901,0.8982247378133367,-0.09427805517625343
600,0.9908206037706355,0.8998727795349689,-0.09094782423566661
601,0.9915891744936914,0.8970912554301712,-0.09449791906352023
602,0.9895915727014536,0.9029666278071966,-0.08662494489425698
603,0.9848115782082288,0.9016884153342519,-0.08312316287397692
604,0.9826207470906999,0.8969006676875093,-0.0857200794031906
605,0.991750826179663,0.9026730004514874,-0.08907782572817569
606,0.9911216860963123,0.903294470335447,-0.08782721576086538
607,0.9941277270008936,0.9014899072733407,-0.09263781972755292
608,0.9941046981334591,0.8998497802951957,-0.09425491783826345
609,0.9905105212312285,0.9002883542671424,-0.09022216696408614
610,0.9888026819816118,0.9008687497239537,-0.08793393225765811
611,0.9882353309314856,0.9059234501247806,-0.08231188080670504
612,0.990256754655471,0.9019244966615997,-0.08833225799387134
613,0.9908586178215165,0.8960876485485327,-0.09477096927298378
614,0.993251686234902,0.8983711692601576,-0.09488051697474442
615,0.986167539146174,0.8993103185020339,-0.08685722064414014
616,0.9917725939676503,0.9017160677625928,-0.09005652620505744
617,0.9888912998097724,0.9017166832873001,-0.08717461652247227
618,0.9946436821439083,0.89977791632578,-0.09486576581812833
619,0.9854329854329856,0.8945718272468887,-0.09086115818609697
620,0.9925186099577301,0.8989718120137565,-0.09354679794397358
621,0.9880698494104205,0.9035896664300186,-0.08448018298040194
622,0.9925405755393536,0.8968822047351956,-0.09565837080415796
623,0.9932914046121594,0.900282155925409,-0.09300924868675042
624,0.9918627168929622,0.900591805918577,-0.09127091097438522
625,0.9881158835786786,0.9000297820007676,-0.08808610157791108
626,0.9947591394057688,0.8985970498857814,-0.09616208951998739
627,0.9954832531115766,0.8990547505986427,-0.09642850251293389
628,0.9919561177452051,0.9010020154086202,-0.09095410233658485
629,0.9872285755341069,0.9001617740553477,-0.08706680147875923
630,0.9932617506645598,0.8987751889995939,-0.09448656166496594
631,0.9922159922159922,0.8986836577441064,-0.0935323344718858
632,0.9897457071178627,0.9044383060974263,-0.08530740102043644
633,0.9962675606605372,0.9002930837516928,-0.09597447690884442
634,0.9954832531115766,0.8983496175369199,-0.09713363557465671
635,0.991333591740459,0.9006104341530395,-0.09072315758741945
636,0.9875197805308282,0.9038768769988165,-0.08364290353201176
637,0.9914389914389914,0.9010138166633249,-0.09042517477566647
638,0.9910089730449011,0.9010408252823296,-0.08996814776257145
639,0.9902301568455242,0.897843308365756,-0.09238684847976819
640,0.9912073195852485,0.8945394987012335,-0.09666782088401504
641,0.9903098066620079,0.8971501150384261,-0.09315969162358173
642,0.9964843933654315,0.9020086332469718,-0.0944757601184597
643,0.9877974117172773,0.9024595600425555,-0.08533785167472185
644,0.9875719231323049,0.9023432182217278,-0.0852287049105771
645,0.9926424439884789,0.89818308447096,-0.09445935951751894
646,0.9854922757168958,0.8969100943046006,-0.08858218141229524
647,0.993244897703855,0.898936363854864,-0.09430853384899107
648,0.9904225364373559,0.9009416207704429,-0.08948091566691296
649,0.9851382654781285,0.9001819564695865,-0.08495630900854201
650,0.993401212333303,0.895475729346456,-0.097925482986847
651,0.992632931890913,0.8994393856728036,-0.09319354621810938
652,0.994782203587235,0.9016954380929824,-0.09308676549425265
653,0.9907336057987884,0.9015912479795807,-0.08914235781920776
654,0.9885914134417907,0.9014706365432373,-0.08712077689855335
655,0.991750826179663,0.9008395437385857,-0.09091128244107738
656,0.9870726179430765,0.9046834541294729,-0.08238916381360362
657,0.994766897035335,0.8990769305729636,-0.09568996646237149
658,0.989630180077739,0.898392183361071,-0.09123799671666799
659,0.9880297759323682,0.8995337934567326,-0.08849598247563562
660,0.982555473798767,0.9027364129888769,-0.0798190608098901
661,0.9895260539408222,0.9020884623045854,-0.08743759163623677
662,0.9929829882456187,0.8983343885369824,-0.09464859970863626
663,0.9905105212312285,0.896933590994514,-0.09357693023671454
664,0.9895104685523847,0.9021462834794657,-0.08736418507291899
665,0.9922398427163758,0.8987235029035876,-0.09351633981278817
666,0.9953858255998268,0.9015571490862132,-0.0938286765136136
667,0.9876940491013619,0.8971670717965906,-0.09052697730477133
668,0.9933929192104024,0.9000179511003195,-0.09337496811008295
669,0.9898485990428716,0.900395464545427,-0.08945313449744463
670,0.994023713903232,0.8955540704500673,-0.09846964345316467
671,0.9885059232162892,0.9001289832820847,-0.08837693993420448
672,0.9953718959124512,0.8999335146526946,-0.09543838125975668
673,0.9910089730449011,0.8950304875009151,-0.09597848554398603
674,0.9901556239290995,0.8994822469230312,-0.09067337700606826
675,0.9855011421597849,0.9018197801424312,-0.08368136201735366
676,0.9874097709787385,0.899397280964045,-0.08801249001469347
677,0.9938752407383594,0.8991306275648592,-0.09474461317350025
678,0.9899560208242643,0.9006663203202637,-0.08928970050400054
679,0.9914782334047695,0.8999153350838281,-0.09156289832094133
680,0.9919222366446622,0.896795880602804,-0.09512635604185815
681,0.9934633285712361,0.9043072236334845,-0.08915610493775161
682,0.990256754655471,0.897671740313491,-0.09258501434198008
683,0.99199360004129,0.9008384175446769,-0.09115518249661314
684,0.9875103445080414,0.8975737595941135,-0.08993658491392797
685,0.9925027929895901,0.8984409189761298,-0.09406187401346033
686,0.9937559464709455,0.8981044142133111,-0.09565153225763434
687,0.99252964237904,0.8999192862555868,-0.09261035612345314
688,0.9911111252548226,0.8956569847395425,-0.09545414051528012
689,0.9933845461408727,0.9009799503473693,-0.09240459579350335
690,0.9933675578435177,0.9018801712173764,-0.09148738662614131
691,0.9888248355369037,0.8988765378245374,-0.08994829771236634
692,0.9863146254868246,0.8973979097995737,-0.0889167156872509
693,0.9907001522127694,0.9008043945738224,-0.08989575763894697
694,0.9935018312437283,0.9009736824255148,-0.09252814881821347
695,0.992632931890913,0.8996721966863138,-0.09296073520459913
696,0.990126198141215,0.899213442807858,-0.09091275533335708
697,0.9895104685523847,0.8991382702266124,-0.09037219832577226
698,0.9913735152514503,0.9007472404565107,-0.09062627479493968
699,0.9910089730449011,0.8991610588820024,-0.09184791416289873
700,0.9887316523530076,0.8977420703928596,-0.09098958196014806
701,0.9871439411331003,0.9021398174437133,-0.08500412368938703
702,0.9930973333093434,0.8997322670272965,-0.09336506628204688
703,0.9915659139633964,0.9046468188000603,-0.08691909516333618
704,0.9932717247597164,0.8989844055075933,-0.09428731925212308
705,0.9885851603832236,0.9013638028192282,-0.0872213575639954
706,0.9881158835786786,0.9032010302059046,-0.08491485337277405
707,0.9940985128358896,0.8998192982339074,-0.09427921460198219
708,0.9955372881885406,0.900019530946778,-0.09551775724176259
709,0.9893261155321437,0.9020724095484859,-0.08725370598365778
710,0.9930148863482197,0.8980815671406512,-0.09493331920756842
711,0.991035570854848,0.9018084024547085,-0.08922716840013944
712,0.9884687761238742,0.8994439086447864,-0.08902486747908778
713,0.9931217288214284,0.8996799067210518,-0.09344182210037655
714,0.9931217288214284,0.9013923733178619,-0.09172935550356642
715,0.9904323197914854,0.9030350657240778,-0.08739725406740761
716,0.9911111252548226,0.901063994423863,-0.09004713083095961
717,0.994782203587235,0.901293714069712,-0.09348848951752298
718,0.9912718021537842,0.8981798748939088,-0.09309192725987536
719,0.9901409752412554,0.8995790246841554,-0.09056195055710003
720,0.9873137165826632,0.9019452439809005,-0.08536847260176272
721,0.9884710498783628,0.8960838422272491,-0.09238720765111363
722,0.9908454820666553,0.8960416145578082,-0.09480386750884717
723,0.9947745849247521,0.899979255214235,-0.09479532971051707
724,0.9970205640668109,0.902383736384658,-0.09463682768215298
725,0.9911216860963123,0.9046571602485519,-0.08646452584776043
726,0.9861888536451858,0.8987970245671685,-0.08739182907801735
727,0.9926424439884789,0.8970188145520774,-0.09562362943640146
728,0.9941422854941947,0.9005252472036746,-0.09361703829052015
729,0.990256754655471,0.8975609080355612,-0.09269584661990982
730,0.99037129979697,0.8995609365571363,-0.09081036323983371
731,0.9897949821513855,0.8986964579611607,-0.0910985241902248
732,0.9912221008054897,0.8994919628822009,-0.09173013792328877
733,0.9895309904626309,0.9032187299649913,-0.08631226049763963
734,0.9882501817417403,0.8985695674813083,-0.08968061426043195
735,0.9940985128358896,0.9020983988295254,-0.09200011400636421
736,0.9912515236177876,0.9029668220795029,-0.08828470153828472
737,0.9882376614071627,0.9004702778170369,-0.08776738359012581
738,0.9918006056370836,0.9031208007382979,-0.08867980489878569
739,0.9895104685523847,0.8994791161048931,-0.09003135244749161
740,0.9909732447543922,0.8993485351365612,-0.09162470961783098
741,0.9887316523530076,0.9014305135922296,-0.08730113876077805
742,0.9890819452698377,0.9000168162040708,-0.08906512906576691
743,0.9927003643840742,0.8957975942724374,-0.09690277011163673
744,0.9894010906629517,0.8987598252416428,-0.0906412654213089
745,0.989229452481895,0.900427611135416,-0.08880184134647895
746,0.9900681486232897,0.9037130156433397,-0.08635513297995001
747,0.9898328383577518,0.9014734966603334,-0.08835934169741844
748,0.991462841939375,0.9002463616066487,-0.09121648033272622
749,0.9949918718998075,0.9028827630686841,-0.09210910883112344
750,0.9877289224392886,0.9027350996013247,-0.08499382283796386
751,0.9914718034459816,0.9013553211818754,-0.09011648226410618
752,0.9931423331477814,0.8994275343219199,-0.09371479882586153
753,0.9923785855642674,0.9021062230782958,-0.09027236248597159
754,0.9977638015373863,0.9020850520112216,-0.09567874952616473
755,0.989488156982765,0.900772202882961,-0.08871595409980404
756,0.9932360717668072,0.9023238526759879,-0.09091221909081926
757,0.993281609188967,0.9041996792326984,-0.08908192995626862
758,0.9902435157498992,0.9043729723994313,-0.08587054335046795
759,0.9894167682495478,0.8954216393967075,-0.09399512885284034
760,0.9924829344651829,0.9032195426297602,-0.08926339183542265
761,0.9918627168929622,0.9010823140369005,-0.0907804028560617
762,0.9926131921148857,0.9032690679080816,-0.08934412420680415
763,0.9901845398880562,0.8994619551480358,-0.09072258474002037
764,0.989758206992892,0.8999630885540614,-0.08979511843883059
765,0.9908333849796608,0.9023646170363963,-0.08846876794326453
766,0.9916239634813216,0.8991431964917688,-0.09248076698955288
767,0.9871306674610018,0.8958166907390862,-0.09131397672191555
768,0.9912203428940446,0.8975168304051432,-0.09370351248890141
769,0.9912515236177876,0.8967774228175802,-0.09447410080020735
770,0.9867715737431008,0.9005079552699741,-0.08626361847312669
771,0.986737576814532,0.9025168085208213,-0.08422076829371072
772,0.9931423331477814,0.900040948883236,-0.0931013842645454
773,0.9944980746853522,0.8999949565360129,-0.09450311814933932
774,0.991890852350339,0.905580977543214,-0.08630987480712504
775,0.9898143991149558,0.9010630869148496,-0.08875131220010624
776,0.9927093416326361,0.9023157894676079,-0.0903935521650282
777,0.989488156982765,0.9040529050309427,-0.08543525195182233
778,0.992632931890913,0.8980256152927422,-0.09460731659817079
779,0.9931525031502119,0.9069552803595896,-0.08619722279062225
780,0.9887237478097255,0.9036355500003069,-0.08508819780941856
781,0.9900554775506448,0.8993931843626909,-0.09066229318795394
782,0.991788633453182,0.9031084779599854,-0.08868015549319663
783,0.9900902939677412,0.8964726535253229,-0.09361764044241827
784,0.9880698494104205,0.900284804126135,-0.08778504528428555
785,0.9912515236177876,0.9047299118538362,-0.08652161176395134
786,0.994023713903232,0.8999237768020519,-0.09409993710118003
787,0.9924483496311803,0.9013784274901226,-0.09106992214105769
788,0.9927448402426832,0.9009925778983473,-0.09175226234433587
789,0.9916006781352514,0.9012555975802518,-0.09034508055499968
790,0.9893333842292852,0.904728243612927,-0.08460514061635815
791,0.9894646995505223,0.9016075928449957,-0.0878571067055266
792,0.9926424439884789,0.9009815439755666,-0.09166090001291227
793,0.9880392037003075,0.9022192816790925,-0.08581992202121502
794,0.9925621469809011,0.895422790100809,-0.09713935688009201
795,0.9903581878744504,0.8969141688880544,-0.09344401898639598
796,0.9931320752598096,0.9017375218590381,-0.09139455340077152
797,0.990266973182142,0.9000679846931562,-0.09019898848898578
798,0.9890047630191242,0.9016547484231888,-0.08735001459593539
799,0.9923785855642674,0.8990600224055877,-0.0933185631586797
800,0.9894646995505223,0.9031741421746996,-0.0862905573758227
801,0.9929694488518018,0.9011272602381545,-0.09184218861364735
802,0.9887695844409331,0.9044891444825476,-0.08428043995838552
803,0.9890047630191242,0.9001170195478289,-0.08888774347129536
804,0.9888883883183807,0.899842585793909,-0.0890458025244717
805,0.988903464769272,0.9026059196600373,-0.08629754510923471
806,0.9892619635266694,0.8998127975956578,-0.0894491659310116
807,0.9907706577585641,0.9016864933347789,-0.0890841644237852
808,0.9902956577173968,0.9015956688914678,-0.088699988825929
809,0.9910897017247273,0.8988009039233562,-0.09228879780137111
810,0.9871951779927496,0.8975302476938003,-0.08966493029894929
811,0.9922167073760092,0.8989260213880904,-0.09329068598791879
812,0.9885914134417907,0.8975151949850381,-0.09107621845675262
813,0.9884264466675545,0.9027099918408905,-0.08571645482666401
814,0.9968780899373965,0.9002355032337138,-0.09664258670368264
815,0.9926424439884789,0.9014232776041043,-0.09121916638437455
816,0.9927367578701075,0.9003706523528949,-0.09236610551721258
817,0.9910089730449011,0.9047824353601781,-0.08622653768472299
818,0.9895863960143626,0.8960810898449987,-0.09350530616936392
819,0.9894589505020207,0.8981963798138856,-0.09126257068813515
820,0.9877671348259583,0.9010229615313697,-0.08674417329458861
821,0.9924929085603394,0.8976487359214663,-0.09484417263887313
822,0.9948844252289758,0.8987042345752613,-0.09618019065371453
823,0.992389990317262,0.9019555042572828,-0.09043448605997928
824,0.9871112901575501,0.9015921953684095,-0.08551909478914055
825,0.9946009825425564,0.9017358283718977,-0.09286515417065866
826,0.9932717247597164,0.8972255350209686,-0.09604618973874779
827,0.9902435157498992,0.9013690013158543,-0.08887451443404493
828,0.99511263869694,0.9024496075823328,-0.09266303111460716
829,0.9909732447543922,0.9015830073057707,-0.08939023744862151
830,0.992632931890913,0.8944610545498447,-0.09817187734106825
831,0.989617431464289,0.8993108201823997,-0.09030661128188933
832,0.994738969228047,0.8983103929343095,-0.09642857629373758
833,0.9914586521211861,0.905186548112594,-0.08627210400859209
834,0.9925186099577301,0.902404318237377,-0.09011429172035312
835,0.9941494597210317,0.9001923154511949,-0.09395714426983681
836,0.9919843672704441,0.903199947472916,-0.08878441979752816
837,0.9971259822323777,0.8986750264759314,-0.09845095575644625
838,0.9879739941921265,0.8956772795780843,-0.09229671461404221
839,0.989879401178048,0.904318013165975,-0.08556138801207291
840,0.9908682013967572,0.8966244942887628,-0.09424370710799446
841,0.9911381367809322,0.9004913141209044,-0.09064682266002777
842,0.9844591825726762,0.9021441677868057,-0.08231501478587044
843,0.9884710498783628,0.9045978197461895,-0.0838732301321733
844,0.9893532265753092,0.8990110559672008,-0.09034217060810845
845,0.9948427950153577,0.9007155937634096,-0.09412720125194807
846,0.9942381568675788,0.9025503352472756,-0.0916878216203032
847,0.9910897017247273,0.8987489735137416,-0.09234072821098571
848,0.9949918718998075,0.8991879304280973,-0.09580394147171023
849,0.991009817253805,0.898132659463113,-0.09287715779069194
850,0.994766897035335,0.9030422212905167,-0.09172467574481835
851,0.9878521005430504,0.9028745863330895,-0.08497751420996091
852,0.9887093407833881,0.9010192107930576,-0.08769012999033055
853,0.991009817253805,0.8989435856637517,-0.09206623159005334
854,0.9901988090382033,0.895144812735788,-0.09505399630241529
855,0.9916489785384405,0.9005928300611973,-0.09105614847724319
856,0.9902828760010557,0.9025640280669717,-0.08771884793408402
857,0.9925027929895901,0.8983399997733844,-0.09416279321620569
858,0.9887931580344612,0.8998184304420254,-0.08897472759243585
859,0.9886948032738824,0.9013427878543875,-0.08735201541949489
860,0.9891944258851714,0.9039951203004785,-0.08519930558469291
861,0.99199360004129,0.9004920115686863,-0.0915015884726037
862,0.9909498451386639,0.9035473462396441,-0.08740249889901985
863,0.9933929192104024,0.900349162790507,-0.09304375641989537
864,0.9904761659289995,0.8995025062912526,-0.09097365963774684
865,0.9902301568455242,0.8996053476220719,-0.09062480922345229
866,0.990126198141215,0.8962321066095486,-0.0938940915316665
867,0.9916489785384405,0.898972769701112,-0.09267620883732852
868,0.9913537251572729,0.8989178849316244,-0.09243584022564855
869,0.992847767634922,0.9046986020900544,-0.08814916554486762
870,0.9904397027691423,0.9003451490958264,-0.09009455367331587
871,0.9948844252289758,0.905365903403443,-0.08951852182553277
872,0.9881534713938654,0.8961982638214204,-0.09195520757244502
873,0.9908333849796608,0.8970806992329946,-0.09375268574666618
874,0.9886948032738824,0.899285294172785,-0.08940950910109735
875,0.987286104663589,0.8983586392425315,-0.08892746542105756
876,0.9912412324939851,0.8994007772013971,-0.091840455292588
877,0.9897115445479038,0.9034265506302703,-0.08628499391763345
878,0.9887472377414452,0.8979078100265726,-0.09083942771487263
879,0.9910089730449011,0.9036139954345485,-0.08739497761035264
880,0.9878704403448565,0.8998070633219909,-0.0880633770228656
881,0.9930798728990906,0.9011265624950028,-0.09195331040408783
882,0.9964819125558869,0.8982267540377106,-0.09825515851817634
883,0.9879907682415561,0.901025586840369,-0.08696518140118703
884,0.991890852350339,0.905707376902119,-0.08618347544822003
885,0.9895784607789339,0.9024718067263491,-0.08710665405258478
886,0.9890183015320652,0.9005299510976612,-0.08848835043440395
887,0.991462841939375,0.9011270513883382,-0.0903357905510368
888,0.989733085048439,0.9014120503937492,-0.08832103465468988
889,0.9910336536323655,0.9020964403587662,-0.08893721327359927
890,0.995517785427424,0.8984083641860137,-0.09710942124141031
891,0.9906116521265534,0.899783284781808,-0.09082836734474542
892,0.9908955404901069,0.8987261590129738,-0.09216938147713305
893,0.9941350414213007,0.9004725006654409,-0.09366254075585978
894,0.991764361923351,0.9009315955185261,-0.09083276640482496
895,0.9909609775589763,0.8975198888416626,-0.09344108871731371
896,0.9918801911374932,0.8989561642629281,-0.09292402687456502
897,0.9828402755378195,0.8976893722260596,-0.0851509033117599
898,0.9894513406461473,0.901348907048417,-0.08810243359773029
899,0.991750826179663,0.8970877013104902,-0.09466312486917283
900,0.9886231832339356,0.9012430088334483,-0.08738017440048729
901,0.9955308461002162,0.9023582821389063,-0.0931725639613099
902,0.9907382289716486,0.8972465214864798,-0.09349170748516888
903,0.994738969228047,0.9001512672996604,-0.09458770192838661
904,0.9878521005430504,0.9044605459708227,-0.08339155457222769
905,0.984693295533743,0.9007909248317406,-0.08390237070200235
906,0.9932717247597164,0.9008348722288327,-0.09243685253088363
907,0.9913262828592364,0.9035788121152947,-0.08774747074394174
908,0.9931423331477814,0.8966882489707245,-0.09645408417705692
909,0.9909954932443688,0.900827590853735,-0.09016790239063377
910,0.9896045626324202,0.9015095934965102,-0.08809496913591008
911,0.9901556239290995,0.896583621982125,-0.09357200194697446
912,0.9917617593399767,0.8986572067116093,-0.09310455262836737
913,0.9888731707736963,0.9000063063559827,-0.08886686441771363
914,0.9924829344651829,0.8996298958692357,-0.09285303859594718
915,0.9925514101670272,0.8993457156249622,-0.09320569454206495
916,0.9931112931590523,0.9017766372435227,-0.09133465591552958
917,0.9876257720745576,0.9049489399659224,-0.08267683210863519
918,0.9879066408357965,0.8991047496602244,-0.08880189117557213
919,0.9916365252505326,0.8997590469176636,-0.09187747833286897
920,0.990728709606743,0.9004113230418307,-0.09031738656491228
921,0.9896433416709517,0.8995386691807891,-0.09010467249016263
922,0.9864933795003473,0.9024429714888402,-0.0840504080115071
923,0.9942381568675788,0.9024540742082765,-0.09178408265930227
924,0.9886858833511454,0.9044859000545094,-0.08419998329663603
925,0.9908834167274992,0.896728910825313,-0.09415450590218621
926,0.9916239634813216,0.9040063988716476,-0.08761756460967407
927,0.9917239767902132,0.9035454878556788,-0.0881784889345344
928,0.9890183015320652,0.899504013891416,-0.08951428764064917
929,0.9876735904875998,0.8997029517435308,-0.08797063874406907
930,0.990266973182142,0.898533728813038,-0.09173324436910402
931,0.9933675578435177,0.9021744705297213,-0.09119308731379638
932,0.989630180077739,0.9008774383279731,-0.08875274174976588
933,0.9885402075878266,0.899574943895978,-0.08896526369184854
934,0.9880838874799185,0.9045746695477551,-0.08350921793216337
935,0.9888731707736963,0.8998114617360912,-0.08906170903760513
936,0.991890852350339,0.9062469164515701,-0.08564393589876895
937,0.9900624756794233,0.9004709498149458,-0.0895915258644775
938,0.9886622693197585,0.9019583578017212,-0.08670391151803736
939,0.9908206037706355,0.902451989789599,-0.08836861398103657
940,0.9884533895273422,0.8990856499138489,-0.08936773961349331
941,0.991764361923351,0.8984193656026175,-0.09334499632073356
942,0.9872119520421792,0.9020784810921084,-0.08513347095007073
943,0.9878135060127748,0.9014113327932561,-0.08640217321951871
944,0.9911263163092289,0.8991266068210848,-0.09199970948814407
945,0.9900018515285295,0.8991705372107021,-0.09083131431782743
946,0.991704118265806,0.903518212958371,-0.08818590530743498
947,0.991890852350339,0.8968418245158651,-0.09504902783447389
948,0.9949824370634559,0.8995214090838911,-0.0954610279795648
949,0.9854481269334983,0.9018631109675125,-0.08358501596598578
950,0.9892398717440071,0.9014891262411439,-0.08775074550286321
951,0.9866537514509904,0.8984857829447375,-0.08816796850625297
952,0.9893922377338026,0.9003216913071356,-0.08907054642666701
953,0.9932623119342449,0.9017436725807794,-0.09151863935346549
954,0.9919222366446622,0.9006580111932366,-0.09126422545142554
955,0.9955243453236123,0.8961607622629321,-0.09936358306068027
956,0.9925125884127824,0.8965484702164125,-0.09596411819636996
957,0.9903971585598056,0.9011562298992497,-0.08924092866055588
958,0.9962675606605372,0.8987207652375235,-0.0975467954230137
959,0.9933760925470495,0.8966875708872558,-0.09668852165979369
960,0.9914977798407697,0.8963980918331184,-0.09509968800765134
961,0.9933845461408727,0.9004381989960845,-0.09294634714478822
962,0.9916489785384405,0.8941597950375663,-0.09748918350087421
963,0.9910616922004326,0.8979023478992149,-0.09315934430121775
964,0.9914509659545904,0.8973615225064041,-0.09408944344818626
965,0.9917397937583532,0.9029072291219716,-0.08883256463638156
966,0.9933760925470495,0.8996884015620993,-0.09368769098495022
967,0.9904761659289995,0.8986569355594326,-0.09181923036956685
968,0.9853180099136702,0.8970314154271469,-0.08828659448652332
969,0.991764361923351,0.9007684035497084,-0.0909959583736426
970,0.9887159259190533,0.90041591473651,-0.08830001118254338
971,0.994766897035335,0.9010089778583737,-0.0937579191769613
972,0.9873137165826632,0.904462959323343,-0.08285075725932023
973,0.9948905502812767,0.9022998074801866,-0.09259074280109014
974,0.992632931890913,0.8987638466996426,-0.09386908519127035
975,0.9916489785384405,0.9028297204204646,-0.08881925811797586
976,0.9894167682495478,0.8996521912267706,-0.08976457702277718
977,0.9953788899715724,0.9013919847772183,-0.09398690519435415
978,0.9908460560523057,0.9025902379691645,-0.0882558180831412
979,0.9895260539408222,0.9003632649017362,-0.08916278903908592
980,0.9897070899070094,0.8990534063991694,-0.09065368350783998
981,0.993884440144417,0.9005986845584114,-0.0932857555860056
982,0.992847767634922,0.9019598557780862,-0.09088791185683576
983,0.9931320752598096,0.8995180067433889,-0.09361406851642073
984,0.9910486906472245,0.9036637357260872,-0.08738495492113729
985,0.9875260818329017,0.9014339222892556,-0.08609215954364613
986,0.9904761659289995,0.8935634744252186,-0.0969126915037809
987,0.9963798882292503,0.8990995057887728,-0.09728038244047743
988,0.9917617593399767,0.8989924493417449,-0.09276930999823174
989,0.992604819045356,0.9017195527269796,-0.09088526631837646
990,0.9828069277328039,0.8997517018394836,-0.08305522589332026
991,0.9913624959573314,0.9022077549685301,-0.08915474098880127
992,0.9883610544859059,0.9003270092340779,-0.08803404525182801
993,0.9919222366446622,0.8987484813242661,-0.09317375532039607
994,0.9904708834928853,0.8995938209486324,-0.09087706254425287
995,0.9905105212312285,0.8998230356781721,-0.09068748555305639
996,0.9897457071178627,0.8998511957954453,-0.08989451132241744
997,0.9954887444611603,0.9019718047283366,-0.09351693973282371
998,0.9932360717668072,0.8981296684630719,-0.09510640330373532
999,0.9895260539408222,0.8973533236906702,-0.09217273025015194
